<keymap version="1" name="GKeymap" parent="Eclipse">
  <action id="AddToFavorites">
    <keyboard-shortcut first-keystroke="ctrl alt f" />
  </action>
  <action id="AddToFavoritesPopup" />
  <action id="CallHierarchy">
    <keyboard-shortcut first-keystroke="shift ctrl h" />
  </action>
  <action id="CallHierarchy.BaseOnThisType" />
  <action id="ChangeSignature" />
  <action id="ChangesView.Rename">
    <keyboard-shortcut first-keystroke="shift alt r" />
    <keyboard-shortcut first-keystroke="f2" />
  </action>
  <action id="ChangesView.ShelveSilently" />
  <action id="ClassNameCompletion">
    <keyboard-shortcut first-keystroke="alt slash" />
  </action>
  <action id="CloseActiveTab">
    <keyboard-shortcut first-keystroke="ctrl m" />
  </action>
  <action id="CloseAllEditors">
    <keyboard-shortcut first-keystroke="shift ctrl w" />
  </action>
  <action id="CloseContent">
    <keyboard-shortcut first-keystroke="ctrl w" />
  </action>
  <action id="CollapseAllRegions">
    <keyboard-shortcut first-keystroke="shift alt c" />
  </action>
  <action id="Console.Jpa.GenerateSql" />
  <action id="EditorChooseLookupItemCompleteStatement" />
  <action id="EditorCompleteStatement" />
  <action id="EditorDuplicateLines">
    <keyboard-shortcut first-keystroke="ctrl alt down" />
    <keyboard-shortcut first-keystroke="shift alt down" />
  </action>
  <action id="EditorScrollToCenter" />
  <action id="EditorSelectWord">
    <keyboard-shortcut first-keystroke="shift alt up" />
    <keyboard-shortcut first-keystroke="alt w" />
  </action>
  <action id="EditorStartNewLineBefore">
    <keyboard-shortcut first-keystroke="shift ctrl enter" />
  </action>
  <action id="EditorToggleCase">
    <keyboard-shortcut first-keystroke="shift ctrl y" />
  </action>
  <action id="ExpandAllRegions">
    <keyboard-shortcut first-keystroke="shift alt x" />
  </action>
  <action id="Generate">
    <keyboard-shortcut first-keystroke="shift alt s" />
  </action>
  <action id="Git.Reword.Commit">
    <keyboard-shortcut first-keystroke="shift alt r" />
    <keyboard-shortcut first-keystroke="f2" />
  </action>
  <action id="GotoImplementation">
    <keyboard-shortcut first-keystroke="ctrl t" />
    <keyboard-shortcut first-keystroke="ctrl alt b" />
    <mouse-shortcut keystroke="control button3" />
  </action>
  <action id="GotoNextError">
    <keyboard-shortcut first-keystroke="shift ctrl q" />
  </action>
  <action id="GotoTest">
    <keyboard-shortcut first-keystroke="shift ctrl t" />
  </action>
  <action id="HippieCompletion" />
  <action id="InspectCode">
    <keyboard-shortcut first-keystroke="shift alt a" />
  </action>
  <action id="IntroduceField">
    <keyboard-shortcut first-keystroke="shift alt f" />
  </action>
  <action id="MethodHierarchy">
    <keyboard-shortcut first-keystroke="ctrl alt h" />
  </action>
  <action id="MethodUp">
    <keyboard-shortcut first-keystroke="shift ctrl up" />
    <keyboard-shortcut first-keystroke="shift alt up" />
  </action>
  <action id="ParameterInfo">
    <keyboard-shortcut first-keystroke="ctrl alt slash" />
  </action>
  <action id="QuickActionPopup" />
  <action id="QuickJavaDoc">
    <mouse-shortcut keystroke="alt button2" />
    <keyboard-shortcut first-keystroke="shift ctrl space" />
    <keyboard-shortcut first-keystroke="shift f2" />
  </action>
  <action id="ReformatCode">
    <keyboard-shortcut first-keystroke="ctrl alt l" />
    <keyboard-shortcut first-keystroke="shift ctrl f" />
    <keyboard-shortcut first-keystroke="alt f" />
  </action>
  <action id="RenameElement">
    <keyboard-shortcut first-keystroke="shift alt r" />
    <keyboard-shortcut first-keystroke="f2" />
  </action>
  <action id="RevealIn">
    <keyboard-shortcut first-keystroke="shift ctrl x" />
  </action>
  <action id="Run">
    <keyboard-shortcut first-keystroke="alt r" />
  </action>
  <action id="ScrollTreeToCenter" />
  <action id="ShelveChanges.UnshelveWithDialog" />
  <action id="ShelvedChanges.Rename">
    <keyboard-shortcut first-keystroke="shift alt r" />
    <keyboard-shortcut first-keystroke="f2" />
  </action>
  <action id="ShowIntentionActions">
    <keyboard-shortcut first-keystroke="alt enter" />
    <keyboard-shortcut first-keystroke="shift alt j" />
    <keyboard-shortcut first-keystroke="shift ctrl m" />
    <keyboard-shortcut first-keystroke="f2" />
  </action>
  <action id="ShowPopupMenu">
    <keyboard-shortcut first-keystroke="ctrl n" />
    <keyboard-shortcut first-keystroke="ctrl f10" />
    <keyboard-shortcut first-keystroke="shift alt t" />
  </action>
  <action id="ShowUmlDiagram">
    <keyboard-shortcut first-keystroke="shift ctrl u" />
  </action>
  <action id="Unwrap" />
  <action id="Vcs.Log.ShowAllAffected" />
  <action id="Vcs.ShowMessageHistory">
    <keyboard-shortcut first-keystroke="ctrl e" />
  </action>
  <action id="VcsHistory.ShowAllAffected" />
  <action id="context.save" />
</keymap>